Chrom	Position	Ref	Cons	Reads1	Reads2	VarFreq	Strands1	Strands2	Qual1	Qual2	Pvalue	MapQual1	MapQual2	Reads1Plus	Reads1Minus	Reads2Plus	Reads2Minus	VarAllele
C7_BC31_191109_LF_LIB_consensus_vsearch	359	G	R	15	9	34.62%	2	1	93	93	7.796188798107704E-4	1	1	11	4	9	0	A
C7_BC31_191109_LF_LIB_consensus_vsearch	1041	T	K	18	9	33.33%	2	1	93	93	8.81324027001399E-4	1	1	14	4	9	0	G
C7_BC31_191109_LF_LIB_consensus_vsearch	1159	A	R	4	6	23.08%	1	2	93	93	0.0054179566563467545	1	1	4	0	5	1	+GG
C7_BC31_191109_LF_LIB_consensus_vsearch	1470	A	C	2	23	85.19%	1	2	93	93	2.776665739459406E-12	1	1	2	0	20	3	C
C7_BC31_191109_LF_LIB_consensus_vsearch	1472	G	A	3	24	88.89%	1	2	93	93	2.0853242512403326E-12	1	1	3	0	20	4	A
C7_BC31_191109_LF_LIB_consensus_vsearch	2063	T	K	17	7	28%	2	1	93	93	0.004700643245917777	1	1	14	3	7	0	G
C7_BC31_191109_LF_LIB_consensus_vsearch	2240	A	R	12	8	30.77%	1	2	93	93	0.0016380016380016513	1	1	12	0	4	4	G
C7_BC31_191109_LF_LIB_consensus_vsearch	2295	G	K	3	8	72.73%	2	1	93	93	5.159958720330254E-4	1	1	2	1	8	0	T
C7_BC31_191109_LF_LIB_consensus_vsearch	2313	G	R	18	7	26.92%	2	1	93	93	0.004812563323201592	1	1	14	4	7	0	A
C7_BC31_191109_LF_LIB_consensus_vsearch	2316	T	K	13	9	40.91%	2	1	93	93	7.016484611493462E-4	1	1	9	4	9	0	G
C7_BC31_191109_LF_LIB_consensus_vsearch	2712	G	R	7	9	33.33%	1	2	93	93	4.078605858361214E-4	1	1	7	0	8	1	+A
C7_BC31_191109_LF_LIB_consensus_vsearch	3322	G	A	2	22	84.62%	1	2	93	93	1.0078268239519597E-11	1	1	2	0	19	3	A
C7_BC31_191109_LF_LIB_consensus_vsearch	3374	G	A	2	17	80.95%	1	2	93	93	5.941390088026455E-9	1	1	2	0	14	3	A
C7_BC31_191109_LF_LIB_consensus_vsearch	4122	G	R	14	7	31.82%	2	1	93	93	0.004310126261345912	1	1	11	3	7	0	A
