Chrom	Position	Ref	Cons	Reads1	Reads2	VarFreq	Strands1	Strands2	Qual1	Qual2	Pvalue	MapQual1	MapQual2	Reads1Plus	Reads1Minus	Reads2Plus	Reads2Minus	VarAllele
F7_BC67_191109_LF_LIB_consensus_vsearch	169	A	R	15	11	40.74%	2	1	93	93	1.2790865975286677E-4	1	1	10	5	11	0	G
F7_BC67_191109_LF_LIB_consensus_vsearch	170	T	K	19	13	40.62%	2	1	93	93	2.6442668294248142E-5	1	1	14	5	13	0	G
F7_BC67_191109_LF_LIB_consensus_vsearch	305	T	W	17	11	35.48%	2	1	93	93	1.4421665896387112E-4	1	1	13	4	11	0	A
F7_BC67_191109_LF_LIB_consensus_vsearch	306	T	W	1	13	39.39%	1	2	93	93	3.739100521978403E-7	1	1	1	0	12	1	+AA
F7_BC67_191109_LF_LIB_consensus_vsearch	791	A	T	2	29	90.62%	2	2	93	93	1.1344388374861442E-15	1	1	1	1	26	3	T
F7_BC67_191109_LF_LIB_consensus_vsearch	814	A	R	23	9	27.27%	2	1	93	93	0.0010184533297679728	1	1	19	4	9	0	G
F7_BC67_191109_LF_LIB_consensus_vsearch	1203	T	K	24	9	27.27%	2	1	93	93	0.0010419560989164119	1	1	19	5	9	0	G
F7_BC67_191109_LF_LIB_consensus_vsearch	1413	A	R	22	9	28.12%	2	1	93	93	9.937635520765498E-4	1	1	17	5	9	0	G
F7_BC67_191109_LF_LIB_consensus_vsearch	1647	G	R	21	8	25.81%	2	1	93	93	0.0022392273691999903	1	1	16	5	8	0	A
F7_BC67_191109_LF_LIB_consensus_vsearch	1717	A	W	20	10	31.25%	2	1	93	93	3.985065657050937E-4	1	1	15	5	10	0	T
F7_BC67_191109_LF_LIB_consensus_vsearch	2048	G	R	25	7	21.21%	2	1	93	93	0.005418171714365526	1	1	20	5	7	0	A
F7_BC67_191109_LF_LIB_consensus_vsearch	2168	G	R	22	9	28.12%	2	2	93	93	9.937635520765498E-4	1	1	19	3	7	2	A
F7_BC67_191109_LF_LIB_consensus_vsearch	2490	G	R	26	7	21.21%	2	1	93	93	0.005485498108449143	1	1	21	5	7	0	A
F7_BC67_191109_LF_LIB_consensus_vsearch	2889	A	T	1	21	87.5%	1	2	93	93	1.093104478286346E-11	1	1	0	1	18	3	T
F7_BC67_191109_LF_LIB_consensus_vsearch	2944	G	T	0	32	96.97%	0	2	0	93	5.456656264964947E-19	0	1	0	0	27	5	T
F7_BC67_191109_LF_LIB_consensus_vsearch	3275	G	A	4	24	75%	1	2	93	93	4.701458311887604E-12	1	1	4	0	20	4	A
