Chrom	Position	Ref	Cons	Reads1	Reads2	VarFreq	Strands1	Strands2	Qual1	Qual2	Pvalue	MapQual1	MapQual2	Reads1Plus	Reads1Minus	Reads2Plus	Reads2Minus	VarAllele
barcode41_consensus_vsearch	337	G	R	57	12	16.9%	2	1	93	93	1.4479136155159058E-4	1	1	26	31	12	0	A
barcode41_consensus_vsearch	344	G	R	58	11	15.94%	2	2	93	93	3.1704315374231514E-4	1	1	28	30	10	1	A
barcode41_consensus_vsearch	658	G	R	59	12	16.67%	2	1	93	93	1.4713483135533114E-4	1	1	27	32	12	0	A
barcode41_consensus_vsearch	703	G	R	64	7	9.86%	2	1	93	93	0.006690485474642467	1	1	32	32	7	0	A
barcode41_consensus_vsearch	820	G	R	49	12	19.35%	2	1	93	93	1.342080026189366E-4	1	1	22	27	12	0	A
barcode41_consensus_vsearch	1984	G	R	63	8	11.11%	2	1	93	93	0.003171785706497264	1	1	31	32	8	0	A
barcode41_consensus_vsearch	2344	C	Y	44	22	32.35%	2	2	93	93	2.9083997861740037E-8	1	1	27	17	13	9	T
barcode41_consensus_vsearch	2631	T	Y	64	8	11.11%	2	2	93	93	0.003181489596333542	1	1	39	25	1	7	C
barcode41_consensus_vsearch	3280	G	R	63	7	9.72%	2	1	93	93	0.006674952009195826	1	1	31	32	7	0	A
barcode41_consensus_vsearch	4135	G	R	65	7	9.72%	2	1	93	93	0.006705601149195077	1	1	33	32	7	0	A
barcode41_consensus_vsearch	4224	A	R	60	8	11.59%	2	2	93	93	0.003141055787584501	1	1	30	30	7	1	G
barcode41_consensus_vsearch	4442	C	Y	57	7	10.77%	2	1	93	93	0.006571922412136342	1	1	36	21	0	7	T
