Chrom	Position	Ref	Cons	Reads1	Reads2	VarFreq	Strands1	Strands2	Qual1	Qual2	Pvalue	MapQual1	MapQual2	Reads1Plus	Reads1Minus	Reads2Plus	Reads2Minus	VarAllele
barcode39_consensus_vsearch	354	C	Y	53	9	12.5%	2	2	93	93	0.0014297037252560243	1	1	20	33	1	8	T
barcode39_consensus_vsearch	356	C	Y	56	7	10.14%	2	1	93	93	0.006552912719209025	1	1	21	35	0	7	T
barcode39_consensus_vsearch	669	T	Y	58	14	19.44%	2	1	93	93	3.0352989685187766E-5	1	1	21	37	0	14	C
barcode39_consensus_vsearch	687	T	Y	57	13	17.81%	2	2	93	93	6.614569394622353E-5	1	1	19	38	1	12	C
barcode39_consensus_vsearch	799	T	K	58	12	16.44%	2	2	93	93	1.4597670388134115E-4	1	1	16	42	4	8	G
barcode39_consensus_vsearch	1096	C	Y	59	9	12.33%	2	1	93	93	0.0014723699004299496	1	1	21	38	0	9	T
barcode39_consensus_vsearch	1540	T	Y	54	15	21.43%	2	2	93	93	1.3015653576034869E-5	1	1	15	39	4	11	C
barcode39_consensus_vsearch	1845	A	R	63	7	10%	2	1	93	93	0.006674952009195826	1	1	13	50	7	0	G
barcode39_consensus_vsearch	1946	G	K	45	7	12.96%	2	1	93	93	0.006297717150355746	1	1	18	27	0	7	T
barcode39_consensus_vsearch	2249	C	Y	60	7	9.86%	2	1	93	93	0.00662566455193586	1	1	21	39	0	7	T
barcode39_consensus_vsearch	2574	A	R	55	15	21.13%	2	2	93	93	1.3194416640192916E-5	1	1	15	40	3	12	G
barcode39_consensus_vsearch	2585	G	R	57	16	21.92%	2	2	93	93	6.0705979370372775E-6	1	1	17	40	4	12	A
barcode39_consensus_vsearch	3177	C	Y	65	7	9.72%	2	1	93	93	0.006705601149195077	1	1	21	44	0	7	T
barcode39_consensus_vsearch	4075	C	Y	41	30	41.67%	2	1	93	93	1.8624115662971128E-11	1	1	20	21	0	30	T
