Chrom	Position	Ref	Cons	Reads1	Reads2	VarFreq	Strands1	Strands2	Qual1	Qual2	Pvalue	MapQual1	MapQual2	Reads1Plus	Reads1Minus	Reads2Plus	Reads2Minus	VarAllele
E1_BC49_consensus_vsearch	658	G	S	4	8	30.77%	2	2	93	93	6.730380939561169E-4	1	1	3	1	5	3	+C
E1_BC49_consensus_vsearch	908	T	Y	14	9	37.5%	1	1	93	93	7.417426589292693E-4	1	1	14	0	0	9	C
E1_BC49_consensus_vsearch	1366	G	R	13	10	41.67%	2	1	93	93	2.806593844597183E-4	1	1	7	6	10	0	A
E1_BC49_consensus_vsearch	3516	A	R	1	5	31.25%	1	2	93	93	0.007575757575757551	1	1	0	1	3	2	+C
E1_BC49_consensus_vsearch	3517	A	W	9	6	37.5%	2	2	93	93	0.008429118773946448	1	1	6	3	3	3	T
E1_BC49_consensus_vsearch	3518	G	K	16	7	29.17%	2	2	93	93	0.00458026091888827	1	1	10	6	4	3	T
E1_BC49_consensus_vsearch	3519	C	Y	7	16	66.67%	2	2	93	93	2.472602329883778E-7	1	1	4	3	10	6	T
E1_BC49_consensus_vsearch	3521	C	T	2	21	84%	1	2	93	93	3.643681594287794E-11	1	1	0	2	14	7	T
E1_BC49_consensus_vsearch	3523	G	R	4	11	44%	1	2	93	93	2.498750624687662E-5	1	1	4	0	7	4	A
E1_BC49_consensus_vsearch	3525	G	S	1	16	64%	1	2	93	93	7.713383623051864E-9	1	1	0	1	11	5	C
E1_BC49_consensus_vsearch	3526	G	R	3	15	60%	2	2	93	93	1.4655428883798252E-7	1	1	2	1	9	6	A
E1_BC49_consensus_vsearch	3528	G	S	3	17	68%	2	2	93	93	1.2847621301458368E-8	1	1	2	1	11	6	C
E1_BC49_consensus_vsearch	3533	G	R	3	13	54.17%	1	2	93	93	1.6120971772178452E-6	1	1	3	0	6	7	A
E1_BC49_consensus_vsearch	3537	C	A	4	21	80.77%	2	2	93	93	1.878877150367527E-10	1	1	2	2	15	6	A
E1_BC49_consensus_vsearch	3539	T	G	1	20	80%	1	2	93	93	4.087260223157705E-11	1	1	1	0	14	6	G
E1_BC49_consensus_vsearch	3971	G	R	14	8	34.78%	2	1	93	93	0.001804238900098246	1	1	5	9	8	0	A
E1_BC49_consensus_vsearch	4208	C	S	10	6	23.08%	2	2	93	93	0.00883697935978261	1	1	6	4	4	2	G
E1_BC49_consensus_vsearch	4447	A	R	11	14	53.85%	1	2	93	93	4.752807639569679E-6	1	1	11	0	5	9	G
