Chrom	Position	Ref	Cons	Reads1	Reads2	VarFreq	Strands1	Strands2	Qual1	Qual2	Pvalue	MapQual1	MapQual2	Reads1Plus	Reads1Minus	Reads2Plus	Reads2Minus	VarAllele
G1_BC73_consensus_vsearch	166	C	Y	31	7	17.95%	2	2	93	93	0.0057727185027981525	1	1	26	5	2	5	T
G1_BC73_consensus_vsearch	665	G	R	29	8	20.51%	2	1	93	93	0.0025616617397038444	1	1	20	9	8	0	A
G1_BC73_consensus_vsearch	908	A	R	33	7	17.5%	2	1	93	93	0.005868814729573744	1	1	23	10	7	0	G
G1_BC73_consensus_vsearch	1185	C	M	27	8	21.05%	2	1	93	93	0.002493108593043604	1	1	18	9	8	0	A
G1_BC73_consensus_vsearch	1376	A	R	30	9	22.5%	2	1	93	93	0.0011620407375761985	1	1	21	9	9	0	G
G1_BC73_consensus_vsearch	1535	T	K	32	7	17.5%	2	1	93	93	0.005821917808218764	1	1	22	10	7	0	G
G1_BC73_consensus_vsearch	2238	G	R	29	10	25%	2	1	93	93	5.052351032939622E-4	1	1	19	10	10	0	A
G1_BC73_consensus_vsearch	2462	G	R	23	7	21.21%	2	1	93	93	0.005271267537101911	1	1	20	3	7	0	A
G1_BC73_consensus_vsearch	2634	A	G	7	28	75.68%	1	2	93	93	2.4047796686942764E-13	1	1	7	0	19	9	G
G1_BC73_consensus_vsearch	2662	G	R	29	8	20%	2	1	93	93	0.0025616617397038444	1	1	19	10	8	0	A
G1_BC73_consensus_vsearch	2852	G	R	32	7	17.95%	2	1	93	93	0.005821917808218764	1	1	23	9	7	0	A
G1_BC73_consensus_vsearch	2940	G	R	27	10	26.32%	2	2	93	93	4.8486464630294416E-4	1	1	20	7	9	1	A
G1_BC73_consensus_vsearch	3104	G	R	25	12	30.77%	2	2	93	93	8.441839824024235E-5	1	1	18	7	10	2	A
G1_BC73_consensus_vsearch	3105	G	R	32	7	17.95%	2	1	93	93	0.005821917808218764	1	1	22	10	7	0	A
G1_BC73_consensus_vsearch	3300	T	Y	28	7	17.5%	2	1	93	93	0.005609494334348063	1	1	25	3	0	7	C
G1_BC73_consensus_vsearch	3381	G	R	30	7	18.42%	2	1	93	93	0.005721044552005416	1	1	21	9	7	0	A
G1_BC73_consensus_vsearch	3608	G	R	31	7	17.95%	2	1	93	93	0.0057727185027981525	1	1	21	10	7	0	A
G1_BC73_consensus_vsearch	3625	G	R	30	7	18.42%	2	1	93	93	0.005721044552005416	1	1	22	8	7	0	A
G1_BC73_consensus_vsearch	3630	G	R	28	9	22.5%	2	1	93	93	0.0011255786432032276	1	1	19	9	9	0	A
G1_BC73_consensus_vsearch	3934	G	R	26	7	20%	2	2	93	93	0.005485498108449143	1	1	20	6	6	1	A
