Chrom	Position	Ref	Cons	Reads1	Reads2	VarFreq	Strands1	Strands2	Qual1	Qual2	Pvalue	MapQual1	MapQual2	Reads1Plus	Reads1Minus	Reads2Plus	Reads2Minus	VarAllele
F8_BC68.191219_FM1-2_consensus_vsearch	167	C	Y	16	11	37.93%	2	2	93	93	1.362046223547602E-4	1	1	3	13	1	10	T
F8_BC68.191219_FM1-2_consensus_vsearch	413	A	M	18	10	35.71%	2	1	93	93	3.685536840187651E-4	1	1	5	13	0	10	C
F8_BC68.191219_FM1-2_consensus_vsearch	1131	C	Y	21	7	25%	2	1	93	93	0.005105438401776272	1	1	5	16	0	7	T
F8_BC68.191219_FM1-2_consensus_vsearch	3150	T	Y	20	7	25.93%	2	1	93	93	0.005014269858887254	1	1	5	15	0	7	C
F8_BC68.191219_FM1-2_consensus_vsearch	3884	T	Y	11	8	27.59%	2	1	93	93	0.0015455338035983695	1	1	5	6	0	8	+C
