Chrom	Position	Ref	Cons	Reads1	Reads2	VarFreq	Strands1	Strands2	Qual1	Qual2	Pvalue	MapQual1	MapQual2	Reads1Plus	Reads1Minus	Reads2Plus	Reads2Minus	VarAllele
G7_BC79.191219_FM1-2_consensus_vsearch	12	C	Y	27	7	20.59%	2	1	93	93	0.005549177190968586	1	1	1	26	0	7	T
G7_BC79.191219_FM1-2_consensus_vsearch	691	T	Y	23	11	32.35%	2	1	93	93	1.866190027909857E-4	1	1	1	22	0	11	C
G7_BC79.191219_FM1-2_consensus_vsearch	714	A	R	22	9	25.71%	2	1	93	93	9.937635520765498E-4	1	1	1	21	0	9	G
G7_BC79.191219_FM1-2_consensus_vsearch	1789	C	Y	20	7	20%	1	1	93	93	0.005014269858887254	1	1	0	20	0	7	-A
G7_BC79.191219_FM1-2_consensus_vsearch	1842	C	Y	26	7	20%	2	1	93	93	0.005485498108449143	1	1	1	25	0	7	T
G7_BC79.191219_FM1-2_consensus_vsearch	1878	G	R	22	10	30.3%	2	1	93	93	4.2589866517567145E-4	1	1	1	21	0	10	A
G7_BC79.191219_FM1-2_consensus_vsearch	2132	C	Y	26	8	22.86%	2	1	93	93	0.002456193182887606	1	1	1	25	0	8	T
G7_BC79.191219_FM1-2_consensus_vsearch	2147	T	W	26	9	25.71%	2	1	93	93	0.0010857085808416032	1	1	1	25	0	9	A
G7_BC79.191219_FM1-2_consensus_vsearch	2273	G	K	19	15	44.12%	2	1	93	93	4.183466924164531E-6	1	1	1	18	0	15	T
G7_BC79.191219_FM1-2_consensus_vsearch	2535	T	Y	16	13	39.39%	1	1	93	93	2.150599300338356E-5	1	1	0	16	0	13	C
G7_BC79.191219_FM1-2_consensus_vsearch	2736	C	Y	16	16	45.71%	2	1	93	93	1.2303935451200962E-6	1	1	1	15	0	16	T
G7_BC79.191219_FM1-2_consensus_vsearch	3277	T	W	0	9	26.47%	0	1	0	93	2.056766762649123E-5	0	1	0	0	0	9	+GCAA
G7_BC79.191219_FM1-2_consensus_vsearch	3339	T	Y	24	8	24.24%	2	1	93	93	0.0023763911027917606	1	1	1	23	0	8	C
G7_BC79.191219_FM1-2_consensus_vsearch	3949	T	Y	23	12	34.29%	2	1	93	93	7.84340736367941E-5	1	1	1	22	0	12	C
G7_BC79.191219_FM1-2_consensus_vsearch	4090	T	Y	15	12	41.38%	1	2	93	93	5.068078971339702E-5	1	1	0	15	1	11	C
G7_BC79.191219_FM1-2_consensus_vsearch	4366	T	Y	26	7	21.21%	2	1	93	93	0.005485498108449143	1	1	1	25	0	7	C
G7_BC79.191219_FM1-2_consensus_vsearch	4384	G	R	22	7	24.14%	2	1	93	93	0.00519093617405469	1	1	1	21	0	7	A
G7_BC79.191219_FM1-2_consensus_vsearch	4403	C	Y	22	10	29.41%	2	1	93	93	4.2589866517567145E-4	1	1	1	21	0	10	T
G7_BC79.191219_FM1-2_consensus_vsearch	4405	T	Y	24	8	25%	2	1	93	93	0.0023763911027917606	1	1	1	23	0	8	C
